{
  "version": "v4.1.0_r3",
  "created": "2025-12-30T13:30:50.355540",
  "metrics": {
    "train_auc": 0.6944853549983282,
    "test_auc": 0.6198406291803128,
    "auc_gap": 0.0746447258180154,
    "train_top_lift": 2.647914542138066,
    "test_top_lift": 2.025895621406457,
    "lift_gap": 0.6220189207316089,
    "best_iteration": 223
  },
  "gates": {
    "G7.2_R3": true,
    "G8.1_R3_relaxed": true,
    "G8.1_R3_strict": false,
    "G8.2_R3_relaxed": "True",
    "G8.2_R3_strict": "False",
    "G8.4_R3": true,
    "G8.4_R3_baseline": true
  },
  "best_iteration": 223,
  "best_score": 0.6555454994228221,
  "feature_count": 22,
  "removed_features": [
    "industry_tenure_months",
    "tenure_bucket_x_mobility",
    "independent_ria_x_ia_rep",
    "recent_mover_x_bleeding"
  ]
}