{
  "audit_date": "2025-12-30T13:23:30.489093",
  "model_version": "v4.1.0_r2",
  "metrics": {
    "train_auc": 0.8544147009384797,
    "test_auc": 0.5821520826606392,
    "auc_gap": 0.2722626182778405,
    "train_auc_pr": 0.13616465647900972,
    "test_auc_pr": 0.057661933547171355,
    "train_top_lift": 5.109117161433064,
    "test_top_lift": 1.2755639097744362,
    "lift_gap": 3.8335532516586275,
    "train_baseline": 0.023813374302579446,
    "test_baseline": 0.03919834954317713,
    "cv_mean": 0.6479531304827626,
    "cv_std": 0.009975461015580313,
    "cv_scores": [
      0.6639599734653979,
      0.6368155318678465,
      0.6415073479086452,
      0.6426384028696681,
      0.654844396302255
    ],
    "train_lift_table": " decile  conv_rate  conversions  count      lift\n      0        0.0            0   2474       0.0\n      1   0.000404            1   2473  0.016981\n      2   0.002426            6   2473  0.101884\n      3   0.001617            4   2474  0.067895\n      4   0.008896           22   2473  0.373575\n      5   0.010109           25   2473  0.424517\n      6   0.016168           40   2474  0.678952\n      7   0.024262           60   2473   1.01884\n      8   0.052568          130   2473  2.207488\n      9   0.121665          301   2474  5.109117",
    "test_lift_table": " decile  conv_rate  conversions  count      lift\n      0    0.02924           10    342  0.745944\n      1   0.026706            9    337   0.68131\n      2   0.020649            7    339  0.526782\n      3   0.031977           11    344  0.815768\n      4   0.026866            9    335  0.685378\n      5   0.050147           17    339  1.279327\n      6   0.044248           15    339  1.128818\n      7   0.058997           20    339   1.50509\n      8   0.053097           18    339  1.354581\n      9       0.05           17    340  1.275564"
  },
  "gates": {
    "G8.1": false,
    "G8.2": "False",
    "G8.3": "True",
    "G8.4": true
  },
  "all_passed": false,
  "r1_comparison": {
    "train_auc": 0.9460793430747525,
    "test_auc": 0.5609702938327413,
    "auc_gap": 0.38510904924201117,
    "train_auc_pr": 0.3425159779142449,
    "test_auc_pr": 0.05659165886699913,
    "train_top_lift": 8.130455549257267,
    "test_top_lift": 1.5006634232640426,
    "lift_gap": 6.629792125993224,
    "train_baseline": 0.023813374302579446,
    "test_baseline": 0.03919834954317713,
    "cv_mean": 0.6411703315838292,
    "cv_std": 0.015473330176920272,
    "cv_scores": [
      0.6660044715718243,
      0.629470255623686,
      0.6210676316463738,
      0.6419074728599456,
      0.647401826217316
    ],
    "train_lift_table": " decile  conv_rate  conversions  count      lift\n      0        0.0            0   2474       0.0\n      1        0.0            0   2473       0.0\n      2        0.0            0   2473       0.0\n      3        0.0            0   2474       0.0\n      4   0.000404            1   2473  0.016981\n      5   0.002425            6   2474  0.101843\n      6   0.006066           15   2473   0.25471\n      7     0.0093           23   2473  0.390556\n      8   0.026284           65   2473  1.103744\n      9   0.193614          479   2474  8.130456",
    "test_lift_table": " decile  conv_rate  conversions  count      lift\n      0   0.035294           12    340  0.900398\n      1    0.02924           10    342  0.745944\n      2   0.029412           10    340  0.750332\n      3    0.01791            6    335  0.456918\n      4   0.044118           15    340  1.125498\n      5   0.041298           14    339  1.053563\n      6   0.041298           14    339  1.053563\n      7   0.056047           19    339  1.429836\n      8   0.038348           13    339  0.978309\n      9   0.058824           20    340  1.500663"
  }
}