{
  "audit_date": "2025-12-30T13:31:48.511715",
  "model_version": "v4.1.0_r3",
  "metrics": {
    "train_auc": 0.6944853549983282,
    "test_auc": 0.6198406291803128,
    "auc_gap": 0.0746447258180154,
    "train_auc_pr": 0.05982047855142193,
    "test_auc_pr": 0.06965345588817656,
    "train_top_lift": 2.647914542138066,
    "test_top_lift": 2.025895621406457,
    "lift_gap": 0.6220189207316089,
    "train_baseline": 0.023813374302579446,
    "test_baseline": 0.03919834954317713,
    "cv_mean": 0.6458576477938666,
    "cv_std": 0.008221622762135028,
    "cv_scores": [
      0.6520957421791367,
      0.6320701903401413,
      0.6545052665569249,
      0.6412107640631636,
      0.6494062758299661
    ],
    "train_lift_table": " decile  conv_rate  conversions  count      lift\n      0   0.005659           14   2474  0.237633\n      1   0.007279           18   2473  0.305652\n      2   0.010918           27   2473  0.458478\n      3   0.013333           33   2475  0.559909\n      4   0.018959           47   2479   0.79616\n      5   0.022709           56   2466  0.953617\n      6   0.024656           61   2474  1.035402\n      7   0.029923           74   2473   1.25657\n      8    0.04165          103   2473   1.74901\n      9   0.063056          156   2474  2.647915",
    "test_lift_table": " decile  conv_rate  conversions  count      lift\n      0   0.009901            4    404  0.252587\n      1   0.018182            5    275  0.463841\n      2   0.032448           11    339    0.8278\n      3   0.038348           13    339  0.978309\n      4   0.061765           21    340  1.575697\n      5   0.029499           10    339  0.752545\n      6   0.035398           12    339  0.903054\n      7   0.026549            9    339  0.677291\n      8   0.061947           21    339  1.580345\n      9   0.079412           27    340  2.025896",
    "best_iteration": 223
  },
  "gates": {
    "G8.1": false,
    "G8.2": "False",
    "G8.3": "True",
    "G8.4": true
  },
  "all_passed": false,
  "feature_count": 22,
  "r1_comparison": {
    "train_auc": 0.9460793430747525,
    "test_auc": 0.5609702938327413,
    "auc_gap": 0.38510904924201117,
    "train_auc_pr": 0.3425159779142449,
    "test_auc_pr": 0.05659165886699913,
    "train_top_lift": 8.130455549257267,
    "test_top_lift": 1.5006634232640426,
    "lift_gap": 6.629792125993224,
    "train_baseline": 0.023813374302579446,
    "test_baseline": 0.03919834954317713,
    "cv_mean": 0.6411703315838292,
    "cv_std": 0.015473330176920272,
    "cv_scores": [
      0.6660044715718243,
      0.629470255623686,
      0.6210676316463738,
      0.6419074728599456,
      0.647401826217316
    ],
    "train_lift_table": " decile  conv_rate  conversions  count      lift\n      0        0.0            0   2474       0.0\n      1        0.0            0   2473       0.0\n      2        0.0            0   2473       0.0\n      3        0.0            0   2474       0.0\n      4   0.000404            1   2473  0.016981\n      5   0.002425            6   2474  0.101843\n      6   0.006066           15   2473   0.25471\n      7     0.0093           23   2473  0.390556\n      8   0.026284           65   2473  1.103744\n      9   0.193614          479   2474  8.130456",
    "test_lift_table": " decile  conv_rate  conversions  count      lift\n      0   0.035294           12    340  0.900398\n      1    0.02924           10    342  0.745944\n      2   0.029412           10    340  0.750332\n      3    0.01791            6    335  0.456918\n      4   0.044118           15    340  1.125498\n      5   0.041298           14    339  1.053563\n      6   0.041298           14    339  1.053563\n      7   0.056047           19    339  1.429836\n      8   0.038348           13    339  0.978309\n      9   0.058824           20    340  1.500663",
    "best_iteration": 498
  },
  "r2_comparison": {
    "train_auc": 0.8544147009384797,
    "test_auc": 0.5821520826606392,
    "auc_gap": 0.2722626182778405,
    "train_auc_pr": 0.13616465647900972,
    "test_auc_pr": 0.057661933547171355,
    "train_top_lift": 5.109117161433064,
    "test_top_lift": 1.2755639097744362,
    "lift_gap": 3.8335532516586275,
    "train_baseline": 0.023813374302579446,
    "test_baseline": 0.03919834954317713,
    "cv_mean": 0.6479531304827626,
    "cv_std": 0.009975461015580313,
    "cv_scores": [
      0.6639599734653979,
      0.6368155318678465,
      0.6415073479086452,
      0.6426384028696681,
      0.654844396302255
    ],
    "train_lift_table": " decile  conv_rate  conversions  count      lift\n      0        0.0            0   2474       0.0\n      1   0.000404            1   2473  0.016981\n      2   0.002426            6   2473  0.101884\n      3   0.001617            4   2474  0.067895\n      4   0.008896           22   2473  0.373575\n      5   0.010109           25   2473  0.424517\n      6   0.016168           40   2474  0.678952\n      7   0.024262           60   2473   1.01884\n      8   0.052568          130   2473  2.207488\n      9   0.121665          301   2474  5.109117",
    "test_lift_table": " decile  conv_rate  conversions  count      lift\n      0    0.02924           10    342  0.745944\n      1   0.026706            9    337   0.68131\n      2   0.020649            7    339  0.526782\n      3   0.031977           11    344  0.815768\n      4   0.026866            9    335  0.685378\n      5   0.050147           17    339  1.279327\n      6   0.044248           15    339  1.128818\n      7   0.058997           20    339   1.50509\n      8   0.053097           18    339  1.354581\n      9       0.05           17    340  1.275564",
    "best_iteration": 996
  }
}