{
  "audit_date": "2025-12-30T13:15:50.511189",
  "metrics": {
    "train_auc": 0.9460793430747525,
    "test_auc": 0.5609702938327413,
    "auc_gap": 0.38510904924201117,
    "train_auc_pr": 0.3425159779142449,
    "test_auc_pr": 0.05659165886699913,
    "train_top_lift": 8.130455549257267,
    "test_top_lift": 1.5006634232640426,
    "lift_gap": 6.629792125993224,
    "train_baseline": 0.023813374302579446,
    "test_baseline": 0.03919834954317713,
    "cv_mean": 0.6411703315838292,
    "cv_std": 0.015473330176920272,
    "cv_scores": [
      0.6660044715718243,
      0.629470255623686,
      0.6210676316463738,
      0.6419074728599456,
      0.647401826217316
    ],
    "train_lift_table": " decile  conv_rate  conversions  count      lift\n      0        0.0            0   2474       0.0\n      1        0.0            0   2473       0.0\n      2        0.0            0   2473       0.0\n      3        0.0            0   2474       0.0\n      4   0.000404            1   2473  0.016981\n      5   0.002425            6   2474  0.101843\n      6   0.006066           15   2473   0.25471\n      7     0.0093           23   2473  0.390556\n      8   0.026284           65   2473  1.103744\n      9   0.193614          479   2474  8.130456",
    "test_lift_table": " decile  conv_rate  conversions  count      lift\n      0   0.035294           12    340  0.900398\n      1    0.02924           10    342  0.745944\n      2   0.029412           10    340  0.750332\n      3    0.01791            6    335  0.456918\n      4   0.044118           15    340  1.125498\n      5   0.041298           14    339  1.053563\n      6   0.041298           14    339  1.053563\n      7   0.056047           19    339  1.429836\n      8   0.038348           13    339  0.978309\n      9   0.058824           20    340  1.500663"
  },
  "gates": {
    "G8.1": false,
    "G8.2": "False",
    "G8.3": "True",
    "G8.4": false
  },
  "all_passed": false
}