{
  "audit_date": "2025-12-30T13:00:22.965634",
  "gates": {
    "G4.1": {
      "feature": "is_recent_mover",
      "total_recent_movers": 2850,
      "pit_violations": 0,
      "status": "PASSED",
      "passed": "True"
    },
    "G4.2": {
      "feature": "days_since_last_move",
      "total_rows": 27642,
      "negative_values": 0,
      "min_value": 0.0,
      "max_value": 19020.0,
      "status": "PASSED",
      "passed": "True"
    },
    "G4.3": {
      "threshold": 0.3,
      "correlations": {
        "is_recent_mover": 0.019663664376647818,
        "days_since_last_move": 0.008810283241298929,
        "firm_departures_corrected": 0.0018047939708644343,
        "bleeding_velocity_encoded": 0.0034029278880215196,
        "recent_mover_x_bleeding": 0.009906568376263698,
        "is_independent_ria": 0.025216647835099772,
        "is_ia_rep_type": 0.03266181387088812,
        "is_dual_registered": -0.03938515112411497,
        "independent_ria_x_ia_rep": 0.02880683273428084
      },
      "suspicious_features": [],
      "status": "PASSED",
      "passed": true
    },
    "G4.4": {
      "sample_size": 100,
      "violations_found": 0,
      "status": "PASSED",
      "passed": true,
      "spot_check_file": "C:\\Users\\russe\\Documents\\lead_scoring_production\\v4\\reports\\v4.1\\pit_audit_spot_check.csv"
    }
  },
  "correlations": {},
  "spot_check": {},
  "summary": {
    "total_leads": 30738,
    "conversions": 781,
    "conversion_rate": 2.540828941375499,
    "pct_recent_mover": 9.271910989654561,
    "pct_independent_ria": 26.52417203461536,
    "pct_ia_rep_type": 20.40145747934135,
    "pct_dual_registered": 57.7591255123949,
    "pct_independent_ria_x_ia": 19.331121087904087,
    "avg_departures_corrected": 316.1775001626674,
    "avg_bleeding_velocity": 1.2970590149001178
  }
}