{
  "version": "v4.1.0_r2",
  "created": "2025-12-30T13:22:27.835405",
  "metrics": {
    "train_auc": 0.8544147009384797,
    "test_auc": 0.5821520826606392,
    "auc_gap": 0.2722626182778405,
    "train_top_lift": 5.109117161433064,
    "test_top_lift": 1.2755639097744362,
    "lift_gap": 3.8335532516586275,
    "best_iteration": 996
  },
  "gates": {
    "G7.2_R2": false,
    "G8.1_R2_relaxed": false,
    "G8.1_R2_strict": false,
    "G8.2_R2_relaxed": "False",
    "G8.2_R2_strict": "False",
    "G8.4_R2": true,
    "G8.4_R2_baseline": false
  },
  "best_iteration": 996,
  "best_score": 0.5675767562995785
}